,2022_revenue,2023_predict_revenue
0,125583.44405,127863.49137
1,122304.74531,128537.97118666666
2,135702.28475,127863.49137
3,129630.32295,129212.45100333334
4,125434.9569,130255.85486666666
5,107664.002,120909.76061666668
6,86557.6395,106552.19946666667
7,100957.33598999999,98392.99249666667
8,118115.96055,101876.97868
9,112693.25433,110588.85029000002
10,120662.11504,117157.10997333335
11,111594.11135,114983.16024
12,,
13,,
14,,
15,,
16,,
17,,
18,,
19,,
20,,
21,,
22,,
23,,
